Campaign_ID,Month,Channel,Campaign_Type,Spend,Impressions,Clicks,Attributed_Orders,CTR,Conversion_Rate
M00001,2024-01-01,Paid Search,Always On,23762.47,742577,28098.0,1186,0.0378,0.0422
M00002,2024-01-01,Paid Search,Promotion,13429.63,419675,16605.0,727,0.0396,0.0438
M00003,2024-01-01,Paid Search,Retargeting,9774.27,305445,12393.0,517,0.0406,0.0417
M00004,2024-01-01,Social Media,Always On,16191.51,1471955,28705.0,616,0.0195,0.0215
M00005,2024-01-01,Social Media,Promotion,11320.95,1029177,16799.0,441,0.0163,0.0263
M00006,2024-01-01,Social Media,Retargeting,6273.95,570358,9111.0,236,0.016,0.0259
M00007,2024-01-01,Email,Always On,5776.66,1155331,66710.0,3394,0.0577,0.0509
M00008,2024-01-01,Email,Promotion,3476.01,695201,32202.0,1658,0.0463,0.0515
M00009,2024-01-01,Email,Retargeting,2093.68,418735,19388.0,1173,0.0463,0.0605
M00010,2024-01-01,Referral,Always On,4990.03,277224,7832.0,387,0.0283,0.0494
M00011,2024-01-01,Referral,Promotion,3066.8,170377,4911.0,255,0.0288,0.0519
M00012,2024-01-01,Referral,Retargeting,1979.18,109954,2739.0,134,0.0249,0.0489
M00013,2024-01-01,Marketplace,Always On,13060.53,544188,15394.0,672,0.0283,0.0437
M00014,2024-01-01,Marketplace,Promotion,6739.12,280796,7712.0,321,0.0275,0.0416
M00015,2024-01-01,Marketplace,Retargeting,4261.66,177569,5946.0,269,0.0335,0.0452
M00016,2024-02-01,Paid Search,Always On,23374.82,730463,26164.0,1122,0.0358,0.0429
M00017,2024-02-01,Paid Search,Promotion,16351.24,510976,20303.0,756,0.0397,0.0372
M00018,2024-02-01,Paid Search,Retargeting,10453.29,326665,11165.0,478,0.0342,0.0428
M00019,2024-02-01,Social Media,Always On,17726.78,1611525,29159.0,780,0.0181,0.0267
M00020,2024-02-01,Social Media,Promotion,8812.12,801101,13947.0,354,0.0174,0.0254
M00021,2024-02-01,Social Media,Retargeting,5724.8,520436,9629.0,209,0.0185,0.0217
M00022,2024-02-01,Email,Always On,3782.64,1377815,74557.0,4701,0.0541,0.0631
M00023,2024-02-01,Email,Promotion,3666.86,733372,42623.0,2139,0.0581,0.0502
M00024,2024-02-01,Email,Retargeting,2269.1,453820,24473.0,1386,0.0539,0.0566
M00025,2024-02-01,Referral,Always On,4643.58,257976,6767.0,341,0.0262,0.0504
M00026,2024-02-01,Referral,Promotion,2877.74,159874,4534.0,197,0.0284,0.0434
M00027,2024-02-01,Referral,Retargeting,1677.65,93202,2613.0,133,0.028,0.0509
M00028,2024-02-01,Marketplace,Always On,12214.45,508935,13943.0,555,0.0274,0.0398
M00029,2024-02-01,Marketplace,Promotion,5911.33,246305,8238.0,344,0.0334,0.0418
M00030,2024-02-01,Marketplace,Retargeting,3877.16,161548,4910.0,229,0.0304,0.0466
M00031,2024-03-01,Paid Search,Always On,23966.86,748964,29238.0,1200,0.039,0.041
M00032,2024-03-01,Paid Search,Promotion,15165.37,473917,16780.0,727,0.0354,0.0433
M00033,2024-03-01,Paid Search,Retargeting,9827.04,307095,10109.0,443,0.0329,0.0438
M00034,2024-03-01,Social Media,Always On,20256.49,1841499,32201.0,790,0.0175,0.0245
M00035,2024-03-01,Social Media,Promotion,10354.71,941336,14988.0,328,0.0159,0.0219
M00036,2024-03-01,Social Media,Retargeting,10564.61,582984,9538.0,249,0.0164,0.0261
M00037,2024-03-01,Email,Always On,6712.17,1342433,66181.0,3977,0.0493,0.0601
M00038,2024-03-01,Email,Promotion,3733.13,746626,37475.0,2055,0.0502,0.0548
M00039,2024-03-01,Email,Retargeting,2283.5,456700,25683.0,1526,0.0562,0.0594
M00040,2024-03-01,Referral,Always On,4894.51,271916,7112.0,323,0.0262,0.0454
M00041,2024-03-01,Referral,Promotion,3154.1,175227,4603.0,246,0.0263,0.0534
M00042,2024-03-01,Referral,Retargeting,1614.02,89667,2454.0,133,0.0274,0.0542
M00043,2024-03-01,Marketplace,Always On,12180.19,507507,14754.0,642,0.0291,0.0435
M00044,2024-03-01,Marketplace,Promotion,5996.01,249833,7173.0,349,0.0287,0.0487
M00045,2024-03-01,Marketplace,Retargeting,4609.51,192062,5908.0,235,0.0308,0.0398
M00046,2024-04-01,Paid Search,Always On,24163.04,755095,27127.0,1232,0.0359,0.0454
M00047,2024-04-01,Paid Search,Promotion,14079.28,439977,16237.0,652,0.0369,0.0402
M00048,2024-04-01,Paid Search,Retargeting,9868.0,308375,11008.0,431,0.0357,0.0392
M00049,2024-04-01,Social Media,Always On,16673.76,1515796,28460.0,651,0.0188,0.0229
M00050,2024-04-01,Social Media,Promotion,9034.81,821346,15796.0,357,0.0192,0.0226
M00051,2024-04-01,Social Media,Retargeting,6216.72,565156,9323.0,236,0.0165,0.0253
M00052,2024-04-01,Email,Always On,6347.6,1269519,70206.0,4084,0.0553,0.0582
M00053,2024-04-01,Email,Promotion,3361.36,672271,31344.0,1997,0.0466,0.0637
M00054,2024-04-01,Email,Retargeting,2311.48,462295,22549.0,1303,0.0488,0.0578
M00055,2024-04-01,Referral,Always On,5696.73,316485,8507.0,435,0.0269,0.0511
M00056,2024-04-01,Referral,Promotion,2538.13,141007,4273.0,204,0.0303,0.0477
M00057,2024-04-01,Referral,Retargeting,1777.5,98750,2914.0,154,0.0295,0.0528
M00058,2024-04-01,Marketplace,Always On,13252.9,552204,15347.0,743,0.0278,0.0484
M00059,2024-04-01,Marketplace,Promotion,7502.36,312598,9990.0,442,0.032,0.0442
M00060,2024-04-01,Marketplace,Retargeting,4587.59,191149,5509.0,223,0.0288,0.0405
M00061,2024-05-01,Paid Search,Always On,26310.22,822194,28867.0,1320,0.0351,0.0457
M00062,2024-05-01,Paid Search,Promotion,14758.07,461189,17825.0,724,0.0387,0.0406
M00063,2024-05-01,Paid Search,Retargeting,8102.88,253214,10083.0,364,0.0398,0.0361
M00064,2024-05-01,Social Media,Always On,17379.51,1579955,30560.0,781,0.0193,0.0256
M00065,2024-05-01,Social Media,Promotion,9505.76,864159,13814.0,355,0.016,0.0257
M00066,2024-05-01,Social Media,Retargeting,6277.74,570703,11115.0,294,0.0195,0.0265
M00067,2024-05-01,Email,Always On,6700.33,1340066,76688.0,4023,0.0572,0.0525
M00068,2024-05-01,Email,Promotion,3662.55,732510,41072.0,2407,0.0561,0.0586
M00069,2024-05-01,Email,Retargeting,2454.84,490968,23179.0,1224,0.0472,0.0528
M00070,2024-05-01,Referral,Always On,5279.78,293321,8749.0,378,0.0298,0.0432
M00071,2024-05-01,Referral,Promotion,2768.72,153817,4702.0,250,0.0306,0.0532
M00072,2024-05-01,Referral,Retargeting,1645.4,91410,2256.0,101,0.0247,0.0448
M00073,2024-05-01,Marketplace,Always On,11058.3,460762,15254.0,636,0.0331,0.0417
M00074,2024-05-01,Marketplace,Promotion,7024.73,292696,9114.0,357,0.0311,0.0392
M00075,2024-05-01,Marketplace,Retargeting,3918.18,163257,5098.0,247,0.0312,0.0485
M00076,2024-06-01,Paid Search,Always On,30285.72,946428,31076.0,1352,0.0328,0.0435
M00077,2024-06-01,Paid Search,Promotion,14702.33,459447,15165.0,581,0.033,0.0383
M00078,2024-06-01,Paid Search,Retargeting,10338.26,323070,13084.0,527,0.0405,0.0403
M00079,2024-06-01,Social Media,Always On,21758.12,1978010,32746.0,721,0.0166,0.022
M00080,2024-06-01,Social Media,Promotion,9970.83,906439,17061.0,396,0.0188,0.0232
M00081,2024-06-01,Social Media,Retargeting,7242.89,658444,12556.0,268,0.0191,0.0213
M00082,2024-06-01,Email,Always On,7511.17,1502233,74325.0,4048,0.0495,0.0545
M00083,2024-06-01,Email,Promotion,3738.56,747712,43371.0,2281,0.058,0.0526
M00084,2024-06-01,Email,Retargeting,2299.3,459859,26054.0,1402,0.0567,0.0538
M00085,2024-06-01,Referral,Always On,5497.7,305427,9337.0,413,0.0306,0.0442
M00086,2024-06-01,Referral,Promotion,2895.39,160855,4804.0,254,0.0299,0.0529
M00087,2024-06-01,Referral,Retargeting,2022.64,112368,3240.0,150,0.0288,0.0463
M00088,2024-06-01,Marketplace,Always On,14461.48,602561,17975.0,774,0.0298,0.0431
M00089,2024-06-01,Marketplace,Promotion,8151.4,339641,9752.0,469,0.0287,0.0481
M00090,2024-06-01,Marketplace,Retargeting,4767.61,198650,6569.0,321,0.0331,0.0489
M00091,2024-07-01,Paid Search,Always On,27346.1,854565,31331.0,1383,0.0367,0.0441
M00092,2024-07-01,Paid Search,Promotion,17094.34,534198,19531.0,802,0.0366,0.0411
M00093,2024-07-01,Paid Search,Retargeting,9722.69,303834,10014.0,398,0.033,0.0397
M00094,2024-07-01,Social Media,Always On,21306.36,1936941,37126.0,968,0.0192,0.0261
M00095,2024-07-01,Social Media,Promotion,10677.84,970712,17332.0,448,0.0179,0.0258
M00096,2024-07-01,Social Media,Retargeting,6777.13,616102,10210.0,219,0.0166,0.0214
M00097,2024-07-01,Email,Always On,6682.21,1336441,71732.0,4574,0.0537,0.0638
M00098,2024-07-01,Email,Promotion,4275.45,855089,42722.0,2195,0.05,0.0514
M00099,2024-07-01,Email,Retargeting,2269.6,453920,22397.0,1296,0.0493,0.0579
M00100,2024-07-01,Referral,Always On,5474.67,304148,7891.0,419,0.0259,0.0531
M00101,2024-07-01,Referral,Promotion,2995.74,166430,4603.0,213,0.0277,0.0463
M00102,2024-07-01,Referral,Retargeting,2210.14,122785,3795.0,207,0.0309,0.0545
M00103,2024-07-01,Marketplace,Always On,14243.13,593463,9092.0,789,0.0153,0.0868
M00104,2024-07-01,Marketplace,Promotion,8068.43,336184,10172.0,411,0.0303,0.0404
M00105,2024-07-01,Marketplace,Retargeting,4478.84,186618,9092.0,207,0.0487,0.0228
M00106,2024-08-01,Paid Search,Always On,26373.75,824179,28944.0,1090,0.0351,0.0377
M00107,2024-08-01,Paid Search,Promotion,13506.76,422086,15201.0,586,0.036,0.0386
M00108,2024-08-01,Paid Search,Retargeting,9135.11,285472,11783.0,474,0.0413,0.0402
M00109,2024-08-01,Social Media,Always On,16256.74,1477885,25046.0,673,0.0169,0.0269
M00110,2024-08-01,Social Media,Promotion,10328.74,938976,17629.0,464,0.0188,0.0263
M00111,2024-08-01,Social Media,Retargeting,7003.09,636644,10333.0,221,0.0162,0.0214
M00112,2024-08-01,Email,Always On,7179.71,1435941,77452.0,4586,0.0539,0.0592
M00113,2024-08-01,Email,Promotion,3863.5,772699,36485.0,1890,0.0472,0.0518
M00114,2024-08-01,Email,Retargeting,2019.06,403811,21429.0,1102,0.0531,0.0514
M00115,2024-08-01,Referral,Always On,5693.5,316305,8417.0,435,0.0266,0.0517
M00116,2024-08-01,Referral,Promotion,2971.14,165063,4417.0,237,0.0268,0.0537
M00117,2024-08-01,Referral,Retargeting,1897.95,105441,2702.0,146,0.0256,0.054
M00118,2024-08-01,Marketplace,Always On,13268.18,552840,17715.0,711,0.032,0.0401
M00119,2024-08-01,Marketplace,Promotion,6379.86,265827,8752.0,349,0.0329,0.0399
M00120,2024-08-01,Marketplace,Retargeting,4413.47,183894,6366.0,265,0.0346,0.0416
M00121,2024-09-01,Paid Search,Always On,26521.8,828806,29553.0,1282,0.0357,0.0434
M00122,2024-09-01,Paid Search,Promotion,12777.87,399308,17825.0,593,0.0446,0.0333
M00123,2024-09-01,Paid Search,Retargeting,10297.63,321800,12633.0,491,0.0393,0.0389
M00124,2024-09-01,Social Media,Always On,20694.44,1881312,37528.0,994,0.0199,0.0265
M00125,2024-09-01,Social Media,Promotion,9888.3,898936,16277.0,430,0.0181,0.0264
M00126,2024-09-01,Social Media,Retargeting,6984.06,634914,11704.0,310,0.0184,0.0265
M00127,2024-09-01,Email,Always On,6285.14,1257027,39357.0,3879,0.0313,0.0986
M00128,2024-09-01,Email,Promotion,3948.3,789659,39357.0,2419,0.0498,0.0615
M00129,2024-09-01,Email,Retargeting,2300.57,460114,26713.0,1536,0.0581,0.0575
M00130,2024-09-01,Referral,Always On,4653.04,258502,8075.0,418,0.0312,0.0518
M00131,2024-09-01,Referral,Promotion,3110.11,172783,4959.0,216,0.0287,0.0436
M00132,2024-09-01,Referral,Retargeting,1627.88,90437,2461.0,113,0.0272,0.0459
M00133,2024-09-01,Marketplace,Always On,13036.56,543189,15882.0,711,0.0292,0.0448
M00134,2024-09-01,Marketplace,Promotion,6075.09,253128,7879.0,367,0.0311,0.0466
M00135,2024-09-01,Marketplace,Retargeting,4758.4,198266,6191.0,291,0.0312,0.047
M00136,2024-10-01,Paid Search,Always On,24512.09,766002,28521.0,1184,0.0372,0.0415
M00137,2024-10-01,Paid Search,Promotion,12592.95,393529,13668.0,627,0.0347,0.0459
M00138,2024-10-01,Paid Search,Retargeting,8775.5,274234,10474.0,460,0.0382,0.0439
M00139,2024-10-01,Social Media,Always On,17673.18,1606653,29526.0,650,0.0184,0.022
M00140,2024-10-01,Social Media,Promotion,9201.66,836514,14037.0,370,0.0168,0.0264
M00141,2024-10-01,Social Media,Retargeting,6976.89,634262,11427.0,263,0.018,0.023
M00142,2024-10-01,Email,Always On,5974.39,1194878,67503.0,4059,0.0565,0.0601
M00143,2024-10-01,Email,Promotion,3346.19,669238,32792.0,2024,0.049,0.0617
M00144,2024-10-01,Email,Retargeting,2341.76,468351,24934.0,1273,0.0532,0.0511
M00145,2024-10-01,Referral,Always On,5201.37,288965,7958.0,392,0.0275,0.0493
M00146,2024-10-01,Referral,Promotion,2920.89,162271,4069.0,197,0.0251,0.0484
M00147,2024-10-01,Referral,Retargeting,1598.78,88821,2675.0,132,0.0301,0.0493
M00148,2024-10-01,Marketplace,Always On,11112.98,463040,13358.0,641,0.0288,0.048
M00149,2024-10-01,Marketplace,Promotion,7355.24,306468,10126.0,477,0.033,0.0471
M00150,2024-10-01,Marketplace,Retargeting,4624.04,192668,6364.0,262,0.033,0.0412
M00151,2024-11-01,Paid Search,Always On,38109.53,1190922,38949.0,1500,0.0327,0.0385
M00152,2024-11-01,Paid Search,Promotion,17994.88,562340,22694.0,886,0.0404,0.039
M00153,2024-11-01,Paid Search,Retargeting,11579.7,361865,12824.0,515,0.0354,0.0402
M00154,2024-11-01,Social Media,Always On,24061.18,2187379,35674.0,756,0.0163,0.0212
M00155,2024-11-01,Social Media,Promotion,11856.82,1077892,19370.0,466,0.018,0.0241
M00156,2024-11-01,Social Media,Retargeting,8164.43,742220,12043.0,314,0.0162,0.0261
M00157,2024-11-01,Email,Always On,3782.64,1803906,92376.0,5703,0.0512,0.0617
M00158,2024-11-01,Email,Promotion,5347.71,1069541,50466.0,2988,0.0472,0.0592
M00159,2024-11-01,Email,Retargeting,3343.31,668661,38499.0,1983,0.0576,0.0515
M00160,2024-11-01,Referral,Always On,5966.48,331471,9278.0,430,0.028,0.0463
M00161,2024-11-01,Referral,Promotion,3326.13,184785,5528.0,243,0.0299,0.044
M00162,2024-11-01,Referral,Retargeting,2256.03,125334,3272.0,167,0.0261,0.051
M00163,2024-11-01,Marketplace,Always On,17912.79,746366,25842.0,1188,0.0346,0.046
M00164,2024-11-01,Marketplace,Promotion,8971.47,373811,10905.0,478,0.0292,0.0438
M00165,2024-11-01,Marketplace,Retargeting,5379.55,224148,6971.0,333,0.0311,0.0478
M00166,2024-12-01,Paid Search,Always On,38497.81,1203056,42609.0,1661,0.0354,0.039
M00167,2024-12-01,Paid Search,Promotion,19563.29,611352,20707.0,923,0.0339,0.0446
M00168,2024-12-01,Paid Search,Retargeting,12941.83,404432,16022.0,703,0.0396,0.0439
M00169,2024-12-01,Social Media,Always On,10564.61,2403733,39230.0,981,0.0163,0.025
M00170,2024-12-01,Social Media,Promotion,13945.98,1267816,24271.0,522,0.0191,0.0215
M00171,2024-12-01,Social Media,Retargeting,9171.76,833796,15396.0,399,0.0185,0.0259
M00172,2024-12-01,Email,Always On,8161.11,1632222,81432.0,4754,0.0499,0.0584
M00173,2024-12-01,Email,Promotion,4939.77,987953,55820.0,3259,0.0565,0.0584
M00174,2024-12-01,Email,Retargeting,3356.94,671387,30805.0,1551,0.0459,0.0503
M00175,2024-12-01,Referral,Always On,7488.06,416003,11124.0,546,0.0267,0.0491
M00176,2024-12-01,Referral,Promotion,3642.71,202372,5834.0,271,0.0288,0.0465
M00177,2024-12-01,Referral,Retargeting,2220.79,123377,3234.0,151,0.0262,0.0467
M00178,2024-12-01,Marketplace,Always On,17022.28,709261,22600.0,921,0.0319,0.0408
M00179,2024-12-01,Marketplace,Promotion,8987.63,374484,12941.0,634,0.0346,0.049
M00180,2024-12-01,Marketplace,Retargeting,5637.96,234915,7776.0,358,0.0331,0.046
M00181,2025-01-01,Paid Search,Always On,28225.52,882047,36503.0,1580,0.0414,0.0433
M00182,2025-01-01,Paid Search,Promotion,14925.67,466427,17602.0,694,0.0377,0.0394
M00183,2025-01-01,Paid Search,Retargeting,10297.91,321809,12701.0,544,0.0395,0.0428
M00184,2025-01-01,Social Media,Always On,16610.92,1510083,29416.0,707,0.0195,0.024
M00185,2025-01-01,Social Media,Promotion,10085.77,916887,16586.0,391,0.0181,0.0236
M00186,2025-01-01,Social Media,Retargeting,6934.27,630387,11289.0,279,0.0179,0.0247
M00187,2025-01-01,Email,Always On,7417.55,1483509,71236.0,4506,0.048,0.0633
M00188,2025-01-01,Email,Promotion,3782.64,756528,42807.0,2329,0.0566,0.0544
M00189,2025-01-01,Email,Retargeting,2592.45,518490,25657.0,1532,0.0495,0.0597
M00190,2025-01-01,Referral,Always On,5494.71,305261,8269.0,357,0.0271,0.0432
M00191,2025-01-01,Referral,Promotion,2971.14,169967,5244.0,263,0.0309,0.0502
M00192,2025-01-01,Referral,Retargeting,1667.97,92665,2286.0,100,0.0247,0.0437
M00193,2025-01-01,Marketplace,Always On,11276.92,469871,16003.0,626,0.0341,0.0391
M00194,2025-01-01,Marketplace,Promotion,6788.68,282861,8417.0,393,0.0298,0.0467
M00195,2025-01-01,Marketplace,Retargeting,4786.0,199416,6250.0,256,0.0313,0.041
M00196,2025-02-01,Paid Search,Always On,29363.74,917616,35574.0,1305,0.0388,0.0367
M00197,2025-02-01,Paid Search,Promotion,13888.54,434016,15149.0,586,0.0349,0.0387
M00198,2025-02-01,Paid Search,Retargeting,8994.91,281091,9356.0,398,0.0333,0.0425
M00199,2025-02-01,Social Media,Always On,20626.67,1875151,36043.0,957,0.0192,0.0266
M00200,2025-02-01,Social Media,Promotion,10451.38,950125,15069.0,343,0.0159,0.0228
M00201,2025-02-01,Social Media,Retargeting,6260.73,569157,9837.0,212,0.0173,0.0216
M00202,2025-02-01,Email,Always On,5991.89,1198377,62923.0,3593,0.0525,0.0571
M00203,2025-02-01,Email,Promotion,4071.72,814344,39296.0,2125,0.0483,0.0541
M00204,2025-02-01,Email,Retargeting,2353.71,470742,25813.0,1308,0.0548,0.0507
M00205,2025-02-01,Referral,Always On,5465.94,303663,9459.0,511,0.0311,0.054
M00206,2025-02-01,Referral,Promotion,2434.12,135228,4090.0,203,0.0302,0.0496
M00207,2025-02-01,Referral,Retargeting,1601.66,88981,2311.0,123,0.026,0.0532
M00208,2025-02-01,Marketplace,Always On,12501.19,520882,15114.0,689,0.029,0.0456
M00209,2025-02-01,Marketplace,Promotion,6469.2,269549,8898.0,348,0.033,0.0391
M00210,2025-02-01,Marketplace,Retargeting,4370.24,182093,5649.0,227,0.031,0.0402
M00211,2025-03-01,Paid Search,Always On,27620.07,863127,31558.0,1381,0.0366,0.0438
M00212,2025-03-01,Paid Search,Promotion,13124.02,410125,13601.0,624,0.0332,0.0459
M00213,2025-03-01,Paid Search,Retargeting,9895.67,309239,10123.0,401,0.0327,0.0396
M00214,2025-03-01,Social Media,Always On,18077.16,1643378,31814.0,702,0.0194,0.0221
M00215,2025-03-01,Social Media,Promotion,10697.92,972537,17780.0,439,0.0183,0.0247
M00216,2025-03-01,Social Media,Retargeting,7090.99,644635,11170.0,277,0.0173,0.0248
M00217,2025-03-01,Email,Always On,7292.34,1458468,78699.0,4114,0.054,0.0523
M00218,2025-03-01,Email,Promotion,3949.22,789844,43331.0,2211,0.0549,0.051
M00219,2025-03-01,Email,Retargeting,2130.29,426058,21612.0,1344,0.0507,0.0622
M00220,2025-03-01,Referral,Always On,4531.13,251729,7702.0,350,0.0306,0.0454
M00221,2025-03-01,Referral,Promotion,2622.75,145708,4568.0,210,0.0314,0.046
M00222,2025-03-01,Referral,Retargeting,1926.95,107052,2899.0,144,0.0271,0.0497
M00223,2025-03-01,Marketplace,Always On,10960.41,456683,15297.0,734,0.0335,0.048
M00224,2025-03-01,Marketplace,Promotion,7110.39,296266,9483.0,389,0.032,0.041
M00225,2025-03-01,Marketplace,Retargeting,4451.47,185477,6076.0,247,0.0328,0.0407
M00226,2025-04-01,Paid Search,Always On,24107.49,753358,27160.0,1062,0.0361,0.0391
M00227,2025-04-01,Paid Search,Promotion,14175.25,442976,16546.0,608,0.0374,0.0367
M00228,2025-04-01,Paid Search,Retargeting,8398.93,262466,9842.0,394,0.0375,0.04
M00229,2025-04-01,Social Media,Always On,17364.71,1578609,30548.0,710,0.0194,0.0232
M00230,2025-04-01,Social Media,Promotion,9482.03,862003,14926.0,394,0.0173,0.0264
M00231,2025-04-01,Social Media,Retargeting,6606.98,600634,11182.0,268,0.0186,0.024
M00232,2025-04-01,Email,Always On,5889.91,1177982,54910.0,3033,0.0466,0.0552
M00233,2025-04-01,Email,Promotion,3979.8,795960,42033.0,2610,0.0528,0.0621
M00234,2025-04-01,Email,Retargeting,2269.22,453843,25735.0,1434,0.0567,0.0557
M00235,2025-04-01,Referral,Always On,5200.75,288930,8370.0,458,0.029,0.0547
M00236,2025-04-01,Referral,Promotion,3102.58,172365,4392.0,208,0.0255,0.0474
M00237,2025-04-01,Referral,Retargeting,1989.41,110522,3115.0,154,0.0282,0.0494
M00238,2025-04-01,Marketplace,Always On,12600.21,525008,15692.0,751,0.0299,0.0479
M00239,2025-04-01,Marketplace,Promotion,6475.91,269829,7368.0,349,0.0273,0.0474
M00240,2025-04-01,Marketplace,Retargeting,4624.71,192696,5996.0,234,0.0311,0.039
M00241,2025-05-01,Paid Search,Always On,27994.05,874813,31355.0,1277,0.0358,0.0407
M00242,2025-05-01,Paid Search,Promotion,15623.67,488239,19049.0,736,0.039,0.0386
M00243,2025-05-01,Paid Search,Retargeting,8699.19,271849,9465.0,382,0.0348,0.0404
M00244,2025-05-01,Social Media,Always On,16227.23,1475202,28693.0,684,0.0195,0.0238
M00245,2025-05-01,Social Media,Promotion,11348.36,1031668,20385.0,473,0.0198,0.0232
M00246,2025-05-01,Social Media,Retargeting,6195.77,563251,10801.0,268,0.0192,0.0248
M00247,2025-05-01,Email,Always On,6653.83,1330766,65805.0,3350,0.0494,0.0509
M00248,2025-05-01,Email,Promotion,3658.96,731792,34713.0,1743,0.0474,0.0502
M00249,2025-05-01,Email,Retargeting,2160.66,432131,19862.0,1020,0.046,0.0514
M00250,2025-05-01,Referral,Always On,4465.72,248095,6219.0,323,0.0251,0.0519
M00251,2025-05-01,Referral,Promotion,2938.03,163224,4110.0,177,0.0252,0.0431
M00252,2025-05-01,Referral,Retargeting,2971.14,91143,2388.0,120,0.0262,0.0503
M00253,2025-05-01,Marketplace,Always On,13287.63,553651,19027.0,860,0.0344,0.0452
M00254,2025-05-01,Marketplace,Promotion,6428.22,267842,7836.0,306,0.0293,0.0391
M00255,2025-05-01,Marketplace,Retargeting,4611.7,192154,5713.0,242,0.0297,0.0424
M00256,2025-06-01,Paid Search,Always On,26200.17,818755,32346.0,1332,0.0395,0.0412
M00257,2025-06-01,Paid Search,Promotion,17693.86,552933,22427.0,904,0.0406,0.0403
M00258,2025-06-01,Paid Search,Retargeting,10286.38,321449,12420.0,473,0.0386,0.0381
M00259,2025-06-01,Social Media,Always On,21060.14,1914558,32727.0,823,0.0171,0.0251
M00260,2025-06-01,Social Media,Promotion,11178.99,1016271,16406.0,355,0.0161,0.0216
M00261,2025-06-01,Social Media,Retargeting,6187.69,562517,10998.0,247,0.0196,0.0225
M00262,2025-06-01,Email,Always On,7570.11,1514022,83774.0,4656,0.0553,0.0556
M00263,2025-06-01,Email,Promotion,3809.54,761907,36628.0,2023,0.0481,0.0552
M00264,2025-06-01,Email,Retargeting,2417.78,483555,23545.0,1437,0.0487,0.061
M00265,2025-06-01,Referral,Always On,5841.83,324546,8902.0,458,0.0274,0.0514
M00266,2025-06-01,Referral,Promotion,2905.3,161405,4222.0,194,0.0262,0.0459
M00267,2025-06-01,Referral,Retargeting,1790.52,99473,2990.0,131,0.0301,0.0438
M00268,2025-06-01,Marketplace,Always On,13779.28,574136,16749.0,728,0.0292,0.0435
M00269,2025-06-01,Marketplace,Promotion,8123.11,338462,9280.0,438,0.0274,0.0472
M00270,2025-06-01,Marketplace,Retargeting,4849.06,202044,5892.0,264,0.0292,0.0448
M00271,2025-07-01,Paid Search,Always On,26169.64,817801,29097.0,1224,0.0356,0.0421
M00272,2025-07-01,Paid Search,Promotion,15754.41,492325,19466.0,790,0.0395,0.0406
M00273,2025-07-01,Paid Search,Retargeting,11326.85,353963,17825.0,599,0.0504,0.0336
M00274,2025-07-01,Social Media,Always On,20508.84,1864440,37552.0,852,0.0201,0.0227
M00275,2025-07-01,Social Media,Promotion,10823.15,983922,16799.0,438,0.0171,0.0261
M00276,2025-07-01,Social Media,Retargeting,6981.56,634686,10919.0,243,0.0172,0.0223
M00277,2025-07-01,Email,Always On,6887.31,1377461,74190.0,3780,0.0539,0.051
M00278,2025-07-01,Email,Promotion,3502.46,700492,38814.0,2076,0.0554,0.0535
M00279,2025-07-01,Email,Retargeting,2863.19,572638,32368.0,1637,0.0565,0.0506
M00280,2025-07-01,Referral,Always On,5956.05,330891,9633.0,440,0.0291,0.0457
M00281,2025-07-01,Referral,Promotion,3399.66,188870,5684.0,258,0.0301,0.0454
M00282,2025-07-01,Referral,Retargeting,2157.34,119852,3255.0,176,0.0272,0.0541
M00283,2025-07-01,Marketplace,Always On,12796.42,533184,14719.0,633,0.0276,0.043
M00284,2025-07-01,Marketplace,Promotion,7257.94,302414,9565.0,428,0.0316,0.0447
M00285,2025-07-01,Marketplace,Retargeting,4800.47,200019,5897.0,247,0.0295,0.0419
M00286,2025-08-01,Paid Search,Always On,26506.94,828341,29928.0,1316,0.0361,0.044
M00287,2025-08-01,Paid Search,Promotion,14021.0,438156,17940.0,815,0.0409,0.0454
M00288,2025-08-01,Paid Search,Retargeting,8624.51,269516,10493.0,458,0.0389,0.0436
M00289,2025-08-01,Social Media,Always On,18421.76,1674705,30180.0,637,0.018,0.0211
M00290,2025-08-01,Social Media,Promotion,11382.34,1034758,17074.0,383,0.0165,0.0224
M00291,2025-08-01,Social Media,Retargeting,6624.33,602212,16799.0,209,0.0279,0.0124
M00292,2025-08-01,Email,Always On,6064.5,1212900,67004.0,4084,0.0552,0.061
M00293,2025-08-01,Email,Promotion,4104.29,820858,43957.0,2510,0.0536,0.0571
M00294,2025-08-01,Email,Retargeting,2069.26,413852,24003.0,1277,0.058,0.0532
M00295,2025-08-01,Referral,Always On,4418.44,245468,6495.0,337,0.0265,0.0519
M00296,2025-08-01,Referral,Promotion,2673.61,148533,4557.0,217,0.0307,0.0476
M00297,2025-08-01,Referral,Retargeting,1951.1,108394,3327.0,153,0.0307,0.046
M00298,2025-08-01,Marketplace,Always On,13598.31,566596,19031.0,909,0.0336,0.0478
M00299,2025-08-01,Marketplace,Promotion,6148.23,256176,8145.0,321,0.0318,0.0394
M00300,2025-08-01,Marketplace,Retargeting,4421.83,184242,6320.0,269,0.0343,0.0426
M00301,2025-09-01,Paid Search,Always On,26991.33,843479,27980.0,1128,0.0332,0.0403
M00302,2025-09-01,Paid Search,Promotion,15549.65,485926,19014.0,839,0.0391,0.0441
M00303,2025-09-01,Paid Search,Retargeting,9127.35,285229,9487.0,371,0.0333,0.0391
M00304,2025-09-01,Social Media,Always On,18191.31,1653755,16799.0,689,0.0102,0.041
M00305,2025-09-01,Social Media,Promotion,10792.32,981120,18524.0,402,0.0189,0.0217
M00306,2025-09-01,Social Media,Retargeting,6443.23,585748,9788.0,217,0.0167,0.0222
M00307,2025-09-01,Email,Always On,6105.69,1221138,60668.0,3683,0.0497,0.0607
M00308,2025-09-01,Email,Promotion,3330.46,666092,36165.0,2000,0.0543,0.0553
M00309,2025-09-01,Email,Retargeting,2084.2,416840,21569.0,1190,0.0517,0.0552
M00310,2025-09-01,Referral,Always On,5450.74,302818,9376.0,474,0.031,0.0506
M00311,2025-09-01,Referral,Promotion,2972.8,165155,5111.0,238,0.0309,0.0466
M00312,2025-09-01,Referral,Retargeting,1854.7,103039,2813.0,148,0.0273,0.0526
M00313,2025-09-01,Marketplace,Always On,10848.44,452018,15544.0,731,0.0344,0.047
M00314,2025-09-01,Marketplace,Promotion,6755.44,281476,9070.0,403,0.0322,0.0444
M00315,2025-09-01,Marketplace,Retargeting,4294.58,178940,6109.0,261,0.0341,0.0427
M00316,2025-10-01,Paid Search,Always On,27240.05,851251,31023.0,1260,0.0364,0.0406
M00317,2025-10-01,Paid Search,Promotion,13621.92,425684,17122.0,664,0.0402,0.0388
M00318,2025-10-01,Paid Search,Retargeting,8673.73,271053,9797.0,365,0.0361,0.0373
M00319,2025-10-01,Social Media,Always On,17080.48,1552771,24840.0,650,0.016,0.0262
M00320,2025-10-01,Social Media,Promotion,10025.98,911452,15644.0,362,0.0172,0.0231
M00321,2025-10-01,Social Media,Retargeting,6352.64,577512,9177.0,243,0.0159,0.0265
M00322,2025-10-01,Email,Always On,5866.87,1173374,54639.0,2818,0.0466,0.0516
M00323,2025-10-01,Email,Promotion,3775.68,755135,37453.0,2010,0.0496,0.0537
M00324,2025-10-01,Email,Retargeting,2498.78,499756,27859.0,1694,0.0557,0.0608
M00325,2025-10-01,Referral,Always On,5055.65,280869,8397.0,426,0.0299,0.0507
M00326,2025-10-01,Referral,Promotion,2548.52,141584,4398.0,191,0.0311,0.0434
M00327,2025-10-01,Referral,Retargeting,1789.84,99435,2589.0,132,0.026,0.051
M00328,2025-10-01,Marketplace,Always On,13122.63,546776,17418.0,804,0.0319,0.0462
M00329,2025-10-01,Marketplace,Promotion,6768.74,282030,7995.0,325,0.0283,0.0407
M00330,2025-10-01,Marketplace,Retargeting,3841.01,160041,4646.0,214,0.029,0.0461
M00331,2025-11-01,Paid Search,Always On,40002.18,1250068,51363.0,2310,0.0411,0.045
M00332,2025-11-01,Paid Search,Promotion,20045.11,626409,24704.0,944,0.0394,0.0382
M00333,2025-11-01,Paid Search,Retargeting,12210.16,381567,14463.0,529,0.0379,0.0366
M00334,2025-11-01,Social Media,Always On,24378.05,2216186,37356.0,841,0.0169,0.0225
M00335,2025-11-01,Social Media,Promotion,14025.92,1275083,25350.0,573,0.0199,0.0226
M00336,2025-11-01,Social Media,Retargeting,8595.64,781421,16799.0,398,0.0215,0.0237
M00337,2025-11-01,Email,Always On,9652.29,1930458,98828.0,6247,0.0512,0.0632
M00338,2025-11-01,Email,Promotion,4509.54,901908,47560.0,2993,0.0527,0.0629
M00339,2025-11-01,Email,Retargeting,3782.64,602387,33824.0,2139,0.0561,0.0632
M00340,2025-11-01,Referral,Always On,7655.28,425293,11836.0,527,0.0278,0.0445
M00341,2025-11-01,Referral,Promotion,2971.14,196805,5240.0,281,0.0266,0.0536
M00342,2025-11-01,Referral,Retargeting,2631.63,146201,4074.0,188,0.0279,0.0461
M00343,2025-11-01,Marketplace,Always On,15991.09,666295,23120.0,965,0.0347,0.0417
M00344,2025-11-01,Marketplace,Promotion,9894.65,412276,11280.0,513,0.0274,0.0455
M00345,2025-11-01,Marketplace,Retargeting,6906.7,265363,8272.0,327,0.0312,0.0395
M00346,2025-12-01,Paid Search,Always On,39785.23,1243288,17825.0,1931,0.0143,0.1083
M00347,2025-12-01,Paid Search,Promotion,18778.46,586826,22131.0,965,0.0377,0.0436
M00348,2025-12-01,Paid Search,Retargeting,11496.82,359275,12565.0,468,0.035,0.0372
M00349,2025-12-01,Social Media,Always On,26627.64,2420694,38709.0,923,0.016,0.0238
M00350,2025-12-01,Social Media,Promotion,14383.11,1307555,21887.0,547,0.0167,0.025
M00351,2025-12-01,Social Media,Retargeting,7701.08,700098,12707.0,286,0.0182,0.0225
M00352,2025-12-01,Email,Always On,9902.16,1980432,93170.0,4889,0.047,0.0525
M00353,2025-12-01,Email,Promotion,4390.96,878191,50221.0,2531,0.0572,0.0504
M00354,2025-12-01,Email,Retargeting,3144.39,628877,33021.0,1848,0.0525,0.056
M00355,2025-12-01,Referral,Always On,7039.4,391077,10985.0,576,0.0281,0.0524
M00356,2025-12-01,Referral,Promotion,3723.99,206888,5840.0,264,0.0282,0.0452
M00357,2025-12-01,Referral,Retargeting,2134.52,118584,3479.0,165,0.0293,0.0474
M00358,2025-12-01,Marketplace,Always On,6906.7,613653,18936.0,882,0.0309,0.0466
M00359,2025-12-01,Marketplace,Promotion,9109.47,379561,12081.0,507,0.0318,0.042
M00360,2025-12-01,Marketplace,Retargeting,5533.35,230556,7989.0,372,0.0347,0.0466
