Year_Month,Revenue,Profit,Orders,Customers,Profit_Margin
2024-01,572789.46,175389.36,3692,3255,0.30620214275590896
2024-02,585491.03,179812.92,3859,3413,0.3071147306902379
2024-03,653122.09,197380.44,4197,3683,0.3022106326245986
2024-04,629155.64,191109.46,4064,3561,0.30375545866520404
2024-05,623880.96,191008.85,4141,3600,0.3061623326347386
2024-06,676183.48,204873.57,4440,3816,0.3029851749705568
2024-07,695818.96,211638.28,4474,3913,0.30415710431345533
2024-08,658025.26,199687.22,4171,3618,0.3034643685259134
2024-09,615565.78,187559.23,3931,3450,0.3046940491071482
2024-10,632968.17,192020.99,4113,3602,0.30336594966536784
2024-11,1009473.02,285987.76,6803,5470,0.2833040153960727
2024-12,891600.64,251746.66,5896,4915,0.2823536106927873
2025-01,559014.9,170576.05,3671,3266,0.3051368577116638
2025-02,571218.75,173904.57,3735,3268,0.30444478581979323
2025-03,641852.01,195162.09,4093,3533,0.3040608846889799
2025-04,624460.2,192211.45,4095,3600,0.3078041643006232
2025-05,622784.25,190394.89,4050,3544,0.305715647112142
2025-06,683089.09,207287.28,4384,3811,0.3034557029742636
2025-07,712468.34,217480.18,4536,3912,0.30524890411270766
2025-08,651416.26,198137.11,4179,3625,0.30416359272333787
2025-09,601660.45,184840.37,3912,3455,0.30721708565022016
2025-10,643968.12,195810.09,4161,3625,0.3040679870922803
2025-11,1020968.39,289609.61,6773,5474,0.2836616812397101
2025-12,863643.28,244786.58,5859,4827,0.2834348227661772
