"Year_Month","Monthly_Revenue","Running_Revenue"
"2024-01",572789.46,572789.46
"2024-02",585491.03,1158280.49
"2024-03",653122.09,1811402.58
"2024-04",629155.64,2440558.22
"2024-05",623880.96,3064439.18
"2024-06",676183.48,3740622.66
"2024-07",695818.96,4436441.62
"2024-08",658025.26,5094466.88
"2024-09",615565.78,5710032.66
"2024-10",632968.17,6343000.83
"2024-11",1009473.02,7352473.85
"2024-12",891600.64,8244074.49
"2025-01",559014.9,8803089.39
"2025-02",571218.75,9374308.14
"2025-03",641852.01,10016160.15
"2025-04",624460.2,10640620.35
"2025-05",622784.25,11263404.6
"2025-06",683089.09,11946493.69
"2025-07",712468.34,12658962.03
"2025-08",651416.26,13310378.29
"2025-09",601660.45,13912038.74
"2025-10",643968.12,14556006.86
"2025-11",1020968.39,15576975.25
"2025-12",863643.28,16440618.53
