"Year_Month","Revenue","MoM_Growth_Pct"
"2024-01",572789.46,""
"2024-02",585491.03,2.22
"2024-03",653122.09,11.55
"2024-04",629155.64,-3.67
"2024-05",623880.96,-0.84
"2024-06",676183.48,8.38
"2024-07",695818.96,2.9
"2024-08",658025.26,-5.43
"2024-09",615565.78,-6.45
"2024-10",632968.17,2.83
"2024-11",1009473.02,59.48
"2024-12",891600.64,-11.68
"2025-01",559014.9,-37.3
"2025-02",571218.75,2.18
"2025-03",641852.01,12.37
"2025-04",624460.2,-2.71
"2025-05",622784.25,-0.27
"2025-06",683089.09,9.68
"2025-07",712468.34,4.3
"2025-08",651416.26,-8.57
"2025-09",601660.45,-7.64
"2025-10",643968.12,7.03
"2025-11",1020968.39,58.54
"2025-12",863643.28,-15.41
